<?xml version="1.0" encoding="UTF-8"?>
<MAS637S5 type="schema" guid="b05f3ae8-0bd9-4986-9e74-5600e7d656b5" versionNumber="1">
  <MAS637S5 type="group">
    <S5_1A type="group">
      <S5_1A_x005F_x002E_01 type="group">
        <AdoptOfSA_IR type="item">
          <value>SA(IR) is adopted in part, in accordance with Annex 10A Para 5.19(c)</value>
        </AdoptOfSA_IR>
      </S5_1A_x005F_x002E_01>
      <S5_1A_x005F_x002E_02 type="list">
        <S5_1A_x005F_x002E_02_x0020_Repeat_x0020_Group type="group">
          <InterestRateRiskInTheBankingBook type="item">
            <value>PleaseIndicateTheParagraphsOfAnnex10BOfMASNotice637ThatTheReportingBankAdopts</value>
          </InterestRateRiskInTheBankingBook>
          <Text type="item">
            <value>P1.1, P1.2, P1.3</value>
          </Text>
        </S5_1A_x005F_x002E_02_x0020_Repeat_x0020_Group>
      </S5_1A_x005F_x002E_02>
      <S5_1A_x005F_x002E_03 type="list">
        <S5_1A_x005F_x002E_03_x0020_Repeat_x0020_Group type="group">
          <DeltaEVEAmountFlattener type="item">
            <value>40.000000000</value>
          </DeltaEVEAmountFlattener>
          <DeltaEVEAmountParallelDown type="item">
            <value>20.000000000</value>
          </DeltaEVEAmountParallelDown>
          <DeltaEVEAmountParallelUp type="item">
            <value>10.000000000</value>
          </DeltaEVEAmountParallelUp>
          <DeltaEVEAmountShortRateDown type="item">
            <value>60.000000000</value>
          </DeltaEVEAmountShortRateDown>
          <DeltaEVEAmountShortRateUp type="item">
            <value>50.000000000</value>
          </DeltaEVEAmountShortRateUp>
          <DeltaEVEAmountSteepener type="item">
            <value>30.000000000</value>
          </DeltaEVEAmountSteepener>
          <DeltaEVEMaterialCurrGreaterthan5 type="item">
            <value>SGD</value>
          </DeltaEVEMaterialCurrGreaterthan5>
        </S5_1A_x005F_x002E_03_x0020_Repeat_x0020_Group>
        <S5_1A_x005F_x002E_03_x0020_Repeat_x0020_Group type="group">
          <DeltaEVEAmountFlattener type="item">
            <value>5.000000000</value>
          </DeltaEVEAmountFlattener>
          <DeltaEVEAmountParallelDown type="item">
            <value>5.000000000</value>
          </DeltaEVEAmountParallelDown>
          <DeltaEVEAmountParallelUp type="item">
            <value>5.000000000</value>
          </DeltaEVEAmountParallelUp>
          <DeltaEVEAmountShortRateDown type="item">
            <value>5.000000000</value>
          </DeltaEVEAmountShortRateDown>
          <DeltaEVEAmountShortRateUp type="item">
            <value>5.000000000</value>
          </DeltaEVEAmountShortRateUp>
          <DeltaEVEAmountSteepener type="item">
            <value>5.000000000</value>
          </DeltaEVEAmountSteepener>
          <DeltaEVEMaterialCurrGreaterthan5 type="item">
            <value>USD</value>
          </DeltaEVEMaterialCurrGreaterthan5>
        </S5_1A_x005F_x002E_03_x0020_Repeat_x0020_Group>
        <S5_1A_x005F_x002E_03_x0020_Repeat_x0020_Group type="group">
          <DeltaEVEAmountFlattener type="item">
            <value>3.000000000</value>
          </DeltaEVEAmountFlattener>
          <DeltaEVEAmountParallelDown type="item">
            <value>5.000000000</value>
          </DeltaEVEAmountParallelDown>
          <DeltaEVEAmountParallelUp type="item">
            <value>6.000000000</value>
          </DeltaEVEAmountParallelUp>
          <DeltaEVEAmountShortRateDown type="item">
            <value>1.000000000</value>
          </DeltaEVEAmountShortRateDown>
          <DeltaEVEAmountShortRateUp type="item">
            <value>2.000000000</value>
          </DeltaEVEAmountShortRateUp>
          <DeltaEVEAmountSteepener type="item">
            <value>4.000000000</value>
          </DeltaEVEAmountSteepener>
          <DeltaEVEMaterialCurrGreaterthan5 type="item">
            <value>EUR</value>
          </DeltaEVEMaterialCurrGreaterthan5>
        </S5_1A_x005F_x002E_03_x0020_Repeat_x0020_Group>
      </S5_1A_x005F_x002E_03>
      <S5_1A_x005F_x002E_04 type="list">
        <S5_1A_x005F_x002E_04_x0020_Repeat_x0020_Group type="group">
          <Amount type="item">
            <value>21.000000000</value>
          </Amount>
          <InterestRateRiskInTheBankingBook type="item">
            <value>DeltaEVE_ParallelUp</value>
          </InterestRateRiskInTheBankingBook>
        </S5_1A_x005F_x002E_04_x0020_Repeat_x0020_Group>
        <S5_1A_x005F_x002E_04_x0020_Repeat_x0020_Group type="group">
          <Amount type="item">
            <value>30.000000000</value>
          </Amount>
          <InterestRateRiskInTheBankingBook type="item">
            <value>DeltaEVE_ParallelDown</value>
          </InterestRateRiskInTheBankingBook>
        </S5_1A_x005F_x002E_04_x0020_Repeat_x0020_Group>
        <S5_1A_x005F_x002E_04_x0020_Repeat_x0020_Group type="group">
          <Amount type="item">
            <value>39.000000000</value>
          </Amount>
          <InterestRateRiskInTheBankingBook type="item">
            <value>DeltaEVE_Steepener</value>
          </InterestRateRiskInTheBankingBook>
        </S5_1A_x005F_x002E_04_x0020_Repeat_x0020_Group>
        <S5_1A_x005F_x002E_04_x0020_Repeat_x0020_Group type="group">
          <Amount type="item">
            <value>48.000000000</value>
          </Amount>
          <InterestRateRiskInTheBankingBook type="item">
            <value>DeltaEVE_Flattener</value>
          </InterestRateRiskInTheBankingBook>
        </S5_1A_x005F_x002E_04_x0020_Repeat_x0020_Group>
        <S5_1A_x005F_x002E_04_x0020_Repeat_x0020_Group type="group">
          <Amount type="item">
            <value>57.000000000</value>
          </Amount>
          <InterestRateRiskInTheBankingBook type="item">
            <value>DeltaEVE_ShortRateUp</value>
          </InterestRateRiskInTheBankingBook>
        </S5_1A_x005F_x002E_04_x0020_Repeat_x0020_Group>
        <S5_1A_x005F_x002E_04_x0020_Repeat_x0020_Group type="group">
          <Amount type="item">
            <value>66.000000000</value>
          </Amount>
          <InterestRateRiskInTheBankingBook type="item">
            <value>DeltaEVE_ShortRateDown</value>
          </InterestRateRiskInTheBankingBook>
        </S5_1A_x005F_x002E_04_x0020_Repeat_x0020_Group>
        <S5_1A_x005F_x002E_04_x0020_Repeat_x0020_Group type="group">
          <Amount type="item">
            <value>63.000000000</value>
          </Amount>
          <InterestRateRiskInTheBankingBook type="item">
            <value>DeltaNII_ParallelUp</value>
          </InterestRateRiskInTheBankingBook>
        </S5_1A_x005F_x002E_04_x0020_Repeat_x0020_Group>
        <S5_1A_x005F_x002E_04_x0020_Repeat_x0020_Group type="group">
          <Amount type="item">
            <value>102.000000000</value>
          </Amount>
          <InterestRateRiskInTheBankingBook type="item">
            <value>DeltaNII_ParallelDown</value>
          </InterestRateRiskInTheBankingBook>
        </S5_1A_x005F_x002E_04_x0020_Repeat_x0020_Group>
        <S5_1A_x005F_x002E_04_x0020_Repeat_x0020_Group type="group">
          <Amount type="item">
            <value>10.500000000</value>
          </Amount>
          <InterestRateRiskInTheBankingBook type="item">
            <value>AverageRepricingMaturityAssignedToNMDs</value>
          </InterestRateRiskInTheBankingBook>
        </S5_1A_x005F_x002E_04_x0020_Repeat_x0020_Group>
        <S5_1A_x005F_x002E_04_x0020_Repeat_x0020_Group type="group">
          <Amount type="item">
            <value>100.500000000</value>
          </Amount>
          <InterestRateRiskInTheBankingBook type="item">
            <value>LongestRepricingMaturityAssignedToNMDs</value>
          </InterestRateRiskInTheBankingBook>
        </S5_1A_x005F_x002E_04_x0020_Repeat_x0020_Group>
      </S5_1A_x005F_x002E_04>
      <S5_1A_x005F_x002E_05 type="list">
        <S5_1A_x005F_x002E_05_x0020_Repeat_x0020_Group type="group">
          <DeltaNIIAmountParallelDown type="item">
            <value>-10.000000000</value>
          </DeltaNIIAmountParallelDown>
          <DeltaNIIAmountParallelUp type="item">
            <value>10.000000000</value>
          </DeltaNIIAmountParallelUp>
          <DeltaNIIMaterialCurrGreaterthan5 type="item">
            <value>SGD</value>
          </DeltaNIIMaterialCurrGreaterthan5>
        </S5_1A_x005F_x002E_05_x0020_Repeat_x0020_Group>
        <S5_1A_x005F_x002E_05_x0020_Repeat_x0020_Group type="group">
          <DeltaNIIAmountParallelDown type="item">
            <value>100.000000000</value>
          </DeltaNIIAmountParallelDown>
          <DeltaNIIAmountParallelUp type="item">
            <value>50.000000000</value>
          </DeltaNIIAmountParallelUp>
          <DeltaNIIMaterialCurrGreaterthan5 type="item">
            <value>USD</value>
          </DeltaNIIMaterialCurrGreaterthan5>
        </S5_1A_x005F_x002E_05_x0020_Repeat_x0020_Group>
        <S5_1A_x005F_x002E_05_x0020_Repeat_x0020_Group type="group">
          <DeltaNIIAmountParallelDown type="item">
            <value>2.000000000</value>
          </DeltaNIIAmountParallelDown>
          <DeltaNIIAmountParallelUp type="item">
            <value>3.000000000</value>
          </DeltaNIIAmountParallelUp>
          <DeltaNIIMaterialCurrGreaterthan5 type="item">
            <value>EUR</value>
          </DeltaNIIMaterialCurrGreaterthan5>
        </S5_1A_x005F_x002E_05_x0020_Repeat_x0020_Group>
      </S5_1A_x005F_x002E_05>
      <S5_1A_x005F_x002E_06 type="list">
        <S5_1A_x005F_x002E_06_x0020_Repeat_x0020_Group type="group">
          <InterestRateRiskInTheBankingBook2 type="item">
            <value>PleaseIndicateTheParagraphsOfAnnex10BOfMASNotice637ThatTheReportingBankAdopts</value>
          </InterestRateRiskInTheBankingBook2>
          <Text type="item">
            <value>Test</value>
          </Text>
        </S5_1A_x005F_x002E_06_x0020_Repeat_x0020_Group>
      </S5_1A_x005F_x002E_06>
    </S5_1A>
    <FirmID type="item">
      <value>1</value>
    </FirmID>
    <FirmName type="item">
      <value>test</value>
    </FirmName>
    <FirmRef type="item">
      <value>test123</value>
    </FirmRef>
    <Periodicity type="item">
      <value>quarterly</value>
    </Periodicity>
    <ReportingEndDate type="item">
      <value>2022-09-01</value>
    </ReportingEndDate>
    <TransitionPeriod type="item">
      <value>transition</value>
    </TransitionPeriod>
    <ScopeOfReporting type="item">
      <value>solo</value>
    </ScopeOfReporting>
  </MAS637S5>
</MAS637S5>