<?xml version="1.0" encoding="UTF-8"?>
<MAS637S4 type="schema" guid="eb6f5d84-b155-48d6-94fd-4094b500335e" versionNumber="1">
  <MAS637S4 type="group">
    <S4 type="group">
      <Internal_Loss_Multiplier type="item">
        <value>1.138859136</value>
      </Internal_Loss_Multiplier>
      <TotalOperationalRWA type="item">
        <value>19917222.714720000</value>
      </TotalOperationalRWA>
    </S4>
    <S4_1A type="group">
      <S4_1A_x005F_x002E_01 type="list">
        <S4_1A_x005F_x002E_01_x0020_Repeat_x0020_Group type="group">
          <FY type="item">
            <value>2022</value>
          </FY>
          <FinancialYear type="item">
            <value>T-0</value>
          </FinancialYear>
        </S4_1A_x005F_x002E_01_x0020_Repeat_x0020_Group>
      </S4_1A_x005F_x002E_01>
      <S4_1A_x005F_x002E_02 type="list">
        <S4_1A_x005F_x002E_02_x0020_Repeat_x0020_Group type="group">
          <Amount type="item">
            <value>12548000.000000000</value>
          </Amount>
          <FinancialYear type="item">
            <value>T-0</value>
          </FinancialYear>
          <BusinessIndicator type="item">
            <value>InterestIncome</value>
          </BusinessIndicator>
        </S4_1A_x005F_x002E_02_x0020_Repeat_x0020_Group>
        <S4_1A_x005F_x002E_02_x0020_Repeat_x0020_Group type="group">
          <Amount type="item">
            <value>9615000.000000000</value>
          </Amount>
          <FinancialYear type="item">
            <value>T-1</value>
          </FinancialYear>
          <BusinessIndicator type="item">
            <value>InterestIncome</value>
          </BusinessIndicator>
        </S4_1A_x005F_x002E_02_x0020_Repeat_x0020_Group>
        <S4_1A_x005F_x002E_02_x0020_Repeat_x0020_Group type="group">
          <Amount type="item">
            <value>8289000.000000000</value>
          </Amount>
          <FinancialYear type="item">
            <value>T-2</value>
          </FinancialYear>
          <BusinessIndicator type="item">
            <value>InterestIncome</value>
          </BusinessIndicator>
        </S4_1A_x005F_x002E_02_x0020_Repeat_x0020_Group>
        <S4_1A_x005F_x002E_02_x0020_Repeat_x0020_Group type="group">
          <Amount type="item">
            <value>5994000.000000000</value>
          </Amount>
          <FinancialYear type="item">
            <value>T-0</value>
          </FinancialYear>
          <BusinessIndicator type="item">
            <value>InterestExpenses</value>
          </BusinessIndicator>
        </S4_1A_x005F_x002E_02_x0020_Repeat_x0020_Group>
        <S4_1A_x005F_x002E_02_x0020_Repeat_x0020_Group type="group">
          <Amount type="item">
            <value>3588000.000000000</value>
          </Amount>
          <FinancialYear type="item">
            <value>T-1</value>
          </FinancialYear>
          <BusinessIndicator type="item">
            <value>InterestExpenses</value>
          </BusinessIndicator>
        </S4_1A_x005F_x002E_02_x0020_Repeat_x0020_Group>
        <S4_1A_x005F_x002E_02_x0020_Repeat_x0020_Group type="group">
          <Amount type="item">
            <value>1908000.000000000</value>
          </Amount>
          <FinancialYear type="item">
            <value>T-2</value>
          </FinancialYear>
          <BusinessIndicator type="item">
            <value>InterestExpenses</value>
          </BusinessIndicator>
        </S4_1A_x005F_x002E_02_x0020_Repeat_x0020_Group>
        <S4_1A_x005F_x002E_02_x0020_Repeat_x0020_Group type="group">
          <Amount type="item">
            <value>403816000.000000000</value>
          </Amount>
          <FinancialYear type="item">
            <value>T-0</value>
          </FinancialYear>
          <BusinessIndicator type="item">
            <value>InterestEarningAssets</value>
          </BusinessIndicator>
        </S4_1A_x005F_x002E_02_x0020_Repeat_x0020_Group>
        <S4_1A_x005F_x002E_02_x0020_Repeat_x0020_Group type="group">
          <Amount type="item">
            <value>431230.000000000</value>
          </Amount>
          <FinancialYear type="item">
            <value>T-1</value>
          </FinancialYear>
          <BusinessIndicator type="item">
            <value>InterestEarningAssets</value>
          </BusinessIndicator>
        </S4_1A_x005F_x002E_02_x0020_Repeat_x0020_Group>
        <S4_1A_x005F_x002E_02_x0020_Repeat_x0020_Group type="group">
          <Amount type="item">
            <value>458726000.000000000</value>
          </Amount>
          <FinancialYear type="item">
            <value>T-2</value>
          </FinancialYear>
          <BusinessIndicator type="item">
            <value>InterestEarningAssets</value>
          </BusinessIndicator>
        </S4_1A_x005F_x002E_02_x0020_Repeat_x0020_Group>
        <S4_1A_x005F_x002E_02_x0020_Repeat_x0020_Group type="group">
          <Amount type="item">
            <value>43000.000000000</value>
          </Amount>
          <FinancialYear type="item">
            <value>T-0</value>
          </FinancialYear>
          <BusinessIndicator type="item">
            <value>DividendIncome</value>
          </BusinessIndicator>
        </S4_1A_x005F_x002E_02_x0020_Repeat_x0020_Group>
        <S4_1A_x005F_x002E_02_x0020_Repeat_x0020_Group type="group">
          <Amount type="item">
            <value>47000.000000000</value>
          </Amount>
          <FinancialYear type="item">
            <value>T-1</value>
          </FinancialYear>
          <BusinessIndicator type="item">
            <value>DividendIncome</value>
          </BusinessIndicator>
        </S4_1A_x005F_x002E_02_x0020_Repeat_x0020_Group>
        <S4_1A_x005F_x002E_02_x0020_Repeat_x0020_Group type="group">
          <Amount type="item">
            <value>155000.000000000</value>
          </Amount>
          <FinancialYear type="item">
            <value>T-2</value>
          </FinancialYear>
          <BusinessIndicator type="item">
            <value>DividendIncome</value>
          </BusinessIndicator>
        </S4_1A_x005F_x002E_02_x0020_Repeat_x0020_Group>
        <S4_1A_x005F_x002E_02_x0020_Repeat_x0020_Group type="group">
          <Amount type="item">
            <value>2037000.000000000</value>
          </Amount>
          <FinancialYear type="item">
            <value>T-0</value>
          </FinancialYear>
          <BusinessIndicator type="item">
            <value>FeeAndCommissionIncome</value>
          </BusinessIndicator>
        </S4_1A_x005F_x002E_02_x0020_Repeat_x0020_Group>
        <S4_1A_x005F_x002E_02_x0020_Repeat_x0020_Group type="group">
          <Amount type="item">
            <value>2003000.000000000</value>
          </Amount>
          <FinancialYear type="item">
            <value>T-1</value>
          </FinancialYear>
          <BusinessIndicator type="item">
            <value>FeeAndCommissionIncome</value>
          </BusinessIndicator>
        </S4_1A_x005F_x002E_02_x0020_Repeat_x0020_Group>
        <S4_1A_x005F_x002E_02_x0020_Repeat_x0020_Group type="group">
          <Amount type="item">
            <value>2759000.000000000</value>
          </Amount>
          <FinancialYear type="item">
            <value>T-2</value>
          </FinancialYear>
          <BusinessIndicator type="item">
            <value>FeeAndCommissionIncome</value>
          </BusinessIndicator>
        </S4_1A_x005F_x002E_02_x0020_Repeat_x0020_Group>
        <S4_1A_x005F_x002E_02_x0020_Repeat_x0020_Group type="group">
          <Amount type="item">
            <value>82000.000000000</value>
          </Amount>
          <FinancialYear type="item">
            <value>T-0</value>
          </FinancialYear>
          <BusinessIndicator type="item">
            <value>FeeAndCommissionExpenses</value>
          </BusinessIndicator>
        </S4_1A_x005F_x002E_02_x0020_Repeat_x0020_Group>
        <S4_1A_x005F_x002E_02_x0020_Repeat_x0020_Group type="group">
          <Amount type="item">
            <value>87000.000000000</value>
          </Amount>
          <FinancialYear type="item">
            <value>T-1</value>
          </FinancialYear>
          <BusinessIndicator type="item">
            <value>FeeAndCommissionExpenses</value>
          </BusinessIndicator>
        </S4_1A_x005F_x002E_02_x0020_Repeat_x0020_Group>
        <S4_1A_x005F_x002E_02_x0020_Repeat_x0020_Group type="group">
          <Amount type="item">
            <value>349000.000000000</value>
          </Amount>
          <FinancialYear type="item">
            <value>T-2</value>
          </FinancialYear>
          <BusinessIndicator type="item">
            <value>FeeAndCommissionExpenses</value>
          </BusinessIndicator>
        </S4_1A_x005F_x002E_02_x0020_Repeat_x0020_Group>
        <S4_1A_x005F_x002E_02_x0020_Repeat_x0020_Group type="group">
          <Amount type="item">
            <value>79000.000000000</value>
          </Amount>
          <FinancialYear type="item">
            <value>T-0</value>
          </FinancialYear>
          <BusinessIndicator type="item">
            <value>OtherOperatingIncome</value>
          </BusinessIndicator>
        </S4_1A_x005F_x002E_02_x0020_Repeat_x0020_Group>
        <S4_1A_x005F_x002E_02_x0020_Repeat_x0020_Group type="group">
          <Amount type="item">
            <value>32000.000000000</value>
          </Amount>
          <FinancialYear type="item">
            <value>T-1</value>
          </FinancialYear>
          <BusinessIndicator type="item">
            <value>OtherOperatingIncome</value>
          </BusinessIndicator>
        </S4_1A_x005F_x002E_02_x0020_Repeat_x0020_Group>
        <S4_1A_x005F_x002E_02_x0020_Repeat_x0020_Group type="group">
          <Amount type="item">
            <value>44000.000000000</value>
          </Amount>
          <FinancialYear type="item">
            <value>T-2</value>
          </FinancialYear>
          <BusinessIndicator type="item">
            <value>OtherOperatingIncome</value>
          </BusinessIndicator>
        </S4_1A_x005F_x002E_02_x0020_Repeat_x0020_Group>
        <S4_1A_x005F_x002E_02_x0020_Repeat_x0020_Group type="group">
          <Amount type="item">
            <value>32000.000000000</value>
          </Amount>
          <FinancialYear type="item">
            <value>T-0</value>
          </FinancialYear>
          <BusinessIndicator type="item">
            <value>OtherOperatingExpenses</value>
          </BusinessIndicator>
        </S4_1A_x005F_x002E_02_x0020_Repeat_x0020_Group>
        <S4_1A_x005F_x002E_02_x0020_Repeat_x0020_Group type="group">
          <Amount type="item">
            <value>34000.000000000</value>
          </Amount>
          <FinancialYear type="item">
            <value>T-1</value>
          </FinancialYear>
          <BusinessIndicator type="item">
            <value>OtherOperatingExpenses</value>
          </BusinessIndicator>
        </S4_1A_x005F_x002E_02_x0020_Repeat_x0020_Group>
        <S4_1A_x005F_x002E_02_x0020_Repeat_x0020_Group type="group">
          <Amount type="item">
            <value>2000.000000000</value>
          </Amount>
          <FinancialYear type="item">
            <value>T-2</value>
          </FinancialYear>
          <BusinessIndicator type="item">
            <value>OtherOperatingExpenses</value>
          </BusinessIndicator>
        </S4_1A_x005F_x002E_02_x0020_Repeat_x0020_Group>
        <S4_1A_x005F_x002E_02_x0020_Repeat_x0020_Group type="group">
          <Amount type="item">
            <value>977000.000000000</value>
          </Amount>
          <FinancialYear type="item">
            <value>T-0</value>
          </FinancialYear>
          <BusinessIndicator type="item">
            <value>NetP_LOnTheTradingBook</value>
          </BusinessIndicator>
        </S4_1A_x005F_x002E_02_x0020_Repeat_x0020_Group>
        <S4_1A_x005F_x002E_02_x0020_Repeat_x0020_Group type="group">
          <Amount type="item">
            <value>596000.000000000</value>
          </Amount>
          <FinancialYear type="item">
            <value>T-1</value>
          </FinancialYear>
          <BusinessIndicator type="item">
            <value>NetP_LOnTheTradingBook</value>
          </BusinessIndicator>
        </S4_1A_x005F_x002E_02_x0020_Repeat_x0020_Group>
        <S4_1A_x005F_x002E_02_x0020_Repeat_x0020_Group type="group">
          <Amount type="item">
            <value>539000.000000000</value>
          </Amount>
          <FinancialYear type="item">
            <value>T-2</value>
          </FinancialYear>
          <BusinessIndicator type="item">
            <value>NetP_LOnTheTradingBook</value>
          </BusinessIndicator>
        </S4_1A_x005F_x002E_02_x0020_Repeat_x0020_Group>
        <S4_1A_x005F_x002E_02_x0020_Repeat_x0020_Group type="group">
          <Amount type="item">
            <value>133000.000000000</value>
          </Amount>
          <FinancialYear type="item">
            <value>T-0</value>
          </FinancialYear>
          <BusinessIndicator type="item">
            <value>NetP_LOnTheBankingBook</value>
          </BusinessIndicator>
        </S4_1A_x005F_x002E_02_x0020_Repeat_x0020_Group>
        <S4_1A_x005F_x002E_02_x0020_Repeat_x0020_Group type="group">
          <Amount type="item">
            <value>285000.000000000</value>
          </Amount>
          <FinancialYear type="item">
            <value>T-1</value>
          </FinancialYear>
          <BusinessIndicator type="item">
            <value>NetP_LOnTheBankingBook</value>
          </BusinessIndicator>
        </S4_1A_x005F_x002E_02_x0020_Repeat_x0020_Group>
        <S4_1A_x005F_x002E_02_x0020_Repeat_x0020_Group type="group">
          <Amount type="item">
            <value>191000.000000000</value>
          </Amount>
          <FinancialYear type="item">
            <value>T-2</value>
          </FinancialYear>
          <BusinessIndicator type="item">
            <value>NetP_LOnTheBankingBook</value>
          </BusinessIndicator>
        </S4_1A_x005F_x002E_02_x0020_Repeat_x0020_Group>
      </S4_1A_x005F_x002E_02>
      <S4_1A_x005F_x002E_03 type="list">
        <S4_1A_x005F_x002E_03_x0020_Repeat_x0020_Group type="group">
          <Amount type="item">
            <value>9627333.000000000</value>
          </Amount>
          <BusinessIndicator type="item">
            <value>BIGrossOfExcludedDivestedActivitiesPursuantToParagraph9_1_7_a</value>
          </BusinessIndicator>
        </S4_1A_x005F_x002E_03_x0020_Repeat_x0020_Group>
      </S4_1A_x005F_x002E_03>
    </S4_1A>
    <S4_1B type="group">
      <S4_1B_x005F_x002E_01 type="list">
        <S4_1B_x005F_x002E_01_x0020_Repeat_x0020_Group type="group">
          <FY type="item">
            <value>2022</value>
          </FY>
          <FinancialYear type="item">
            <value>T-0</value>
          </FinancialYear>
        </S4_1B_x005F_x002E_01_x0020_Repeat_x0020_Group>
      </S4_1B_x005F_x002E_01>
      <S4_1B_x005F_x002E_02 type="list">
        <S4_1B_x005F_x002E_02_x0020_Repeat_x0020_Group type="group">
          <Amount type="item">
            <value>80000.000000000</value>
          </Amount>
          <FinancialYear type="item">
            <value>T-0</value>
          </FinancialYear>
          <InternalLossData type="item">
            <value>Abv30k_TotalAmountOfGrossLosses</value>
          </InternalLossData>
        </S4_1B_x005F_x002E_02_x0020_Repeat_x0020_Group>
        <S4_1B_x005F_x002E_02_x0020_Repeat_x0020_Group type="group">
          <Amount type="item">
            <value>32000.000000000</value>
          </Amount>
          <FinancialYear type="item">
            <value>T-1</value>
          </FinancialYear>
          <InternalLossData type="item">
            <value>Abv30k_TotalAmountOfGrossLosses</value>
          </InternalLossData>
        </S4_1B_x005F_x002E_02_x0020_Repeat_x0020_Group>
        <S4_1B_x005F_x002E_02_x0020_Repeat_x0020_Group type="group">
          <Amount type="item">
            <value>30000.000000000</value>
          </Amount>
          <FinancialYear type="item">
            <value>T-2</value>
          </FinancialYear>
          <InternalLossData type="item">
            <value>Abv30k_TotalAmountOfGrossLosses</value>
          </InternalLossData>
        </S4_1B_x005F_x002E_02_x0020_Repeat_x0020_Group>
        <S4_1B_x005F_x002E_02_x0020_Repeat_x0020_Group type="group">
          <Amount type="item">
            <value>60000.000000000</value>
          </Amount>
          <FinancialYear type="item">
            <value>T-3</value>
          </FinancialYear>
          <InternalLossData type="item">
            <value>Abv30k_TotalAmountOfGrossLosses</value>
          </InternalLossData>
        </S4_1B_x005F_x002E_02_x0020_Repeat_x0020_Group>
        <S4_1B_x005F_x002E_02_x0020_Repeat_x0020_Group type="group">
          <Amount type="item">
            <value>32000.000000000</value>
          </Amount>
          <FinancialYear type="item">
            <value>T-4</value>
          </FinancialYear>
          <InternalLossData type="item">
            <value>Abv30k_TotalAmountOfGrossLosses</value>
          </InternalLossData>
        </S4_1B_x005F_x002E_02_x0020_Repeat_x0020_Group>
        <S4_1B_x005F_x002E_02_x0020_Repeat_x0020_Group type="group">
          <Amount type="item">
            <value>32000.000000000</value>
          </Amount>
          <FinancialYear type="item">
            <value>T-5</value>
          </FinancialYear>
          <InternalLossData type="item">
            <value>Abv30k_TotalAmountOfGrossLosses</value>
          </InternalLossData>
        </S4_1B_x005F_x002E_02_x0020_Repeat_x0020_Group>
        <S4_1B_x005F_x002E_02_x0020_Repeat_x0020_Group type="group">
          <Amount type="item">
            <value>32000.000000000</value>
          </Amount>
          <FinancialYear type="item">
            <value>T-6</value>
          </FinancialYear>
          <InternalLossData type="item">
            <value>Abv30k_TotalAmountOfGrossLosses</value>
          </InternalLossData>
        </S4_1B_x005F_x002E_02_x0020_Repeat_x0020_Group>
        <S4_1B_x005F_x002E_02_x0020_Repeat_x0020_Group type="group">
          <FinancialYear type="item">
            <value>T-7</value>
          </FinancialYear>
          <InternalLossData type="item">
            <value>Abv30k_TotalAmountOfGrossLosses</value>
          </InternalLossData>
        </S4_1B_x005F_x002E_02_x0020_Repeat_x0020_Group>
        <S4_1B_x005F_x002E_02_x0020_Repeat_x0020_Group type="group">
          <FinancialYear type="item">
            <value>T-8</value>
          </FinancialYear>
          <InternalLossData type="item">
            <value>Abv30k_TotalAmountOfGrossLosses</value>
          </InternalLossData>
        </S4_1B_x005F_x002E_02_x0020_Repeat_x0020_Group>
        <S4_1B_x005F_x002E_02_x0020_Repeat_x0020_Group type="group">
          <FinancialYear type="item">
            <value>T-9</value>
          </FinancialYear>
          <InternalLossData type="item">
            <value>Abv30k_TotalAmountOfGrossLosses</value>
          </InternalLossData>
        </S4_1B_x005F_x002E_02_x0020_Repeat_x0020_Group>
        <S4_1B_x005F_x002E_02_x0020_Repeat_x0020_Group type="group">
          <Amount type="item">
            <value>140.000000000</value>
          </Amount>
          <FinancialYear type="item">
            <value>T-0</value>
          </FinancialYear>
          <InternalLossData type="item">
            <value>Abv30k_TotalAmountOfRecoveries</value>
          </InternalLossData>
        </S4_1B_x005F_x002E_02_x0020_Repeat_x0020_Group>
        <S4_1B_x005F_x002E_02_x0020_Repeat_x0020_Group type="group">
          <Amount type="item">
            <value>1000.000000000</value>
          </Amount>
          <FinancialYear type="item">
            <value>T-1</value>
          </FinancialYear>
          <InternalLossData type="item">
            <value>Abv30k_TotalAmountOfRecoveries</value>
          </InternalLossData>
        </S4_1B_x005F_x002E_02_x0020_Repeat_x0020_Group>
        <S4_1B_x005F_x002E_02_x0020_Repeat_x0020_Group type="group">
          <Amount type="item">
            <value>0.000000000</value>
          </Amount>
          <FinancialYear type="item">
            <value>T-2</value>
          </FinancialYear>
          <InternalLossData type="item">
            <value>Abv30k_TotalAmountOfRecoveries</value>
          </InternalLossData>
        </S4_1B_x005F_x002E_02_x0020_Repeat_x0020_Group>
        <S4_1B_x005F_x002E_02_x0020_Repeat_x0020_Group type="group">
          <Amount type="item">
            <value>0.000000000</value>
          </Amount>
          <FinancialYear type="item">
            <value>T-3</value>
          </FinancialYear>
          <InternalLossData type="item">
            <value>Abv30k_TotalAmountOfRecoveries</value>
          </InternalLossData>
        </S4_1B_x005F_x002E_02_x0020_Repeat_x0020_Group>
        <S4_1B_x005F_x002E_02_x0020_Repeat_x0020_Group type="group">
          <Amount type="item">
            <value>1000.000000000</value>
          </Amount>
          <FinancialYear type="item">
            <value>T-4</value>
          </FinancialYear>
          <InternalLossData type="item">
            <value>Abv30k_TotalAmountOfRecoveries</value>
          </InternalLossData>
        </S4_1B_x005F_x002E_02_x0020_Repeat_x0020_Group>
        <S4_1B_x005F_x002E_02_x0020_Repeat_x0020_Group type="group">
          <Amount type="item">
            <value>1000.000000000</value>
          </Amount>
          <FinancialYear type="item">
            <value>T-5</value>
          </FinancialYear>
          <InternalLossData type="item">
            <value>Abv30k_TotalAmountOfRecoveries</value>
          </InternalLossData>
        </S4_1B_x005F_x002E_02_x0020_Repeat_x0020_Group>
        <S4_1B_x005F_x002E_02_x0020_Repeat_x0020_Group type="group">
          <Amount type="item">
            <value>1000.000000000</value>
          </Amount>
          <FinancialYear type="item">
            <value>T-6</value>
          </FinancialYear>
          <InternalLossData type="item">
            <value>Abv30k_TotalAmountOfRecoveries</value>
          </InternalLossData>
        </S4_1B_x005F_x002E_02_x0020_Repeat_x0020_Group>
        <S4_1B_x005F_x002E_02_x0020_Repeat_x0020_Group type="group">
          <FinancialYear type="item">
            <value>T-7</value>
          </FinancialYear>
          <InternalLossData type="item">
            <value>Abv30k_TotalAmountOfRecoveries</value>
          </InternalLossData>
        </S4_1B_x005F_x002E_02_x0020_Repeat_x0020_Group>
        <S4_1B_x005F_x002E_02_x0020_Repeat_x0020_Group type="group">
          <FinancialYear type="item">
            <value>T-8</value>
          </FinancialYear>
          <InternalLossData type="item">
            <value>Abv30k_TotalAmountOfRecoveries</value>
          </InternalLossData>
        </S4_1B_x005F_x002E_02_x0020_Repeat_x0020_Group>
        <S4_1B_x005F_x002E_02_x0020_Repeat_x0020_Group type="group">
          <FinancialYear type="item">
            <value>T-9</value>
          </FinancialYear>
          <InternalLossData type="item">
            <value>Abv30k_TotalAmountOfRecoveries</value>
          </InternalLossData>
        </S4_1B_x005F_x002E_02_x0020_Repeat_x0020_Group>
        <S4_1B_x005F_x002E_02_x0020_Repeat_x0020_Group type="group">
          <Amount type="item">
            <value>1.000000000</value>
          </Amount>
          <FinancialYear type="item">
            <value>T-0</value>
          </FinancialYear>
          <InternalLossData type="item">
            <value>Abv30k_NumberOfOperationalLossEventsContributingToTotalGrossLosses</value>
          </InternalLossData>
        </S4_1B_x005F_x002E_02_x0020_Repeat_x0020_Group>
        <S4_1B_x005F_x002E_02_x0020_Repeat_x0020_Group type="group">
          <Amount type="item">
            <value>1.000000000</value>
          </Amount>
          <FinancialYear type="item">
            <value>T-1</value>
          </FinancialYear>
          <InternalLossData type="item">
            <value>Abv30k_NumberOfOperationalLossEventsContributingToTotalGrossLosses</value>
          </InternalLossData>
        </S4_1B_x005F_x002E_02_x0020_Repeat_x0020_Group>
        <S4_1B_x005F_x002E_02_x0020_Repeat_x0020_Group type="group">
          <Amount type="item">
            <value>1.000000000</value>
          </Amount>
          <FinancialYear type="item">
            <value>T-2</value>
          </FinancialYear>
          <InternalLossData type="item">
            <value>Abv30k_NumberOfOperationalLossEventsContributingToTotalGrossLosses</value>
          </InternalLossData>
        </S4_1B_x005F_x002E_02_x0020_Repeat_x0020_Group>
        <S4_1B_x005F_x002E_02_x0020_Repeat_x0020_Group type="group">
          <Amount type="item">
            <value>2.000000000</value>
          </Amount>
          <FinancialYear type="item">
            <value>T-3</value>
          </FinancialYear>
          <InternalLossData type="item">
            <value>Abv30k_NumberOfOperationalLossEventsContributingToTotalGrossLosses</value>
          </InternalLossData>
        </S4_1B_x005F_x002E_02_x0020_Repeat_x0020_Group>
        <S4_1B_x005F_x002E_02_x0020_Repeat_x0020_Group type="group">
          <Amount type="item">
            <value>1.000000000</value>
          </Amount>
          <FinancialYear type="item">
            <value>T-4</value>
          </FinancialYear>
          <InternalLossData type="item">
            <value>Abv30k_NumberOfOperationalLossEventsContributingToTotalGrossLosses</value>
          </InternalLossData>
        </S4_1B_x005F_x002E_02_x0020_Repeat_x0020_Group>
        <S4_1B_x005F_x002E_02_x0020_Repeat_x0020_Group type="group">
          <Amount type="item">
            <value>1.000000000</value>
          </Amount>
          <FinancialYear type="item">
            <value>T-5</value>
          </FinancialYear>
          <InternalLossData type="item">
            <value>Abv30k_NumberOfOperationalLossEventsContributingToTotalGrossLosses</value>
          </InternalLossData>
        </S4_1B_x005F_x002E_02_x0020_Repeat_x0020_Group>
        <S4_1B_x005F_x002E_02_x0020_Repeat_x0020_Group type="group">
          <Amount type="item">
            <value>1.000000000</value>
          </Amount>
          <FinancialYear type="item">
            <value>T-6</value>
          </FinancialYear>
          <InternalLossData type="item">
            <value>Abv30k_NumberOfOperationalLossEventsContributingToTotalGrossLosses</value>
          </InternalLossData>
        </S4_1B_x005F_x002E_02_x0020_Repeat_x0020_Group>
        <S4_1B_x005F_x002E_02_x0020_Repeat_x0020_Group type="group">
          <FinancialYear type="item">
            <value>T-7</value>
          </FinancialYear>
          <InternalLossData type="item">
            <value>Abv30k_NumberOfOperationalLossEventsContributingToTotalGrossLosses</value>
          </InternalLossData>
        </S4_1B_x005F_x002E_02_x0020_Repeat_x0020_Group>
        <S4_1B_x005F_x002E_02_x0020_Repeat_x0020_Group type="group">
          <FinancialYear type="item">
            <value>T-8</value>
          </FinancialYear>
          <InternalLossData type="item">
            <value>Abv30k_NumberOfOperationalLossEventsContributingToTotalGrossLosses</value>
          </InternalLossData>
        </S4_1B_x005F_x002E_02_x0020_Repeat_x0020_Group>
        <S4_1B_x005F_x002E_02_x0020_Repeat_x0020_Group type="group">
          <FinancialYear type="item">
            <value>T-9</value>
          </FinancialYear>
          <InternalLossData type="item">
            <value>Abv30k_NumberOfOperationalLossEventsContributingToTotalGrossLosses</value>
          </InternalLossData>
        </S4_1B_x005F_x002E_02_x0020_Repeat_x0020_Group>
        <S4_1B_x005F_x002E_02_x0020_Repeat_x0020_Group type="group">
          <Amount type="item">
            <value>8.000000000</value>
          </Amount>
          <FinancialYear type="item">
            <value>T-0</value>
          </FinancialYear>
          <InternalLossData type="item">
            <value>Abv30k_NumberOfOperationalLossEventsInTheTen_YearWindow</value>
          </InternalLossData>
        </S4_1B_x005F_x002E_02_x0020_Repeat_x0020_Group>
        <S4_1B_x005F_x002E_02_x0020_Repeat_x0020_Group type="group">
          <Amount type="item">
            <value>4000.000000000</value>
          </Amount>
          <FinancialYear type="item">
            <value>T-0</value>
          </FinancialYear>
          <InternalLossData type="item">
            <value>Abv30k_TotalAmountOfGrossLossesExcluded</value>
          </InternalLossData>
        </S4_1B_x005F_x002E_02_x0020_Repeat_x0020_Group>
        <S4_1B_x005F_x002E_02_x0020_Repeat_x0020_Group type="group">
          <Amount type="item">
            <value>900.000000000</value>
          </Amount>
          <FinancialYear type="item">
            <value>T-1</value>
          </FinancialYear>
          <InternalLossData type="item">
            <value>Abv30k_TotalAmountOfGrossLossesExcluded</value>
          </InternalLossData>
        </S4_1B_x005F_x002E_02_x0020_Repeat_x0020_Group>
        <S4_1B_x005F_x002E_02_x0020_Repeat_x0020_Group type="group">
          <Amount type="item">
            <value>8000.000000000</value>
          </Amount>
          <FinancialYear type="item">
            <value>T-2</value>
          </FinancialYear>
          <InternalLossData type="item">
            <value>Abv30k_TotalAmountOfGrossLossesExcluded</value>
          </InternalLossData>
        </S4_1B_x005F_x002E_02_x0020_Repeat_x0020_Group>
        <S4_1B_x005F_x002E_02_x0020_Repeat_x0020_Group type="group">
          <FinancialYear type="item">
            <value>T-3</value>
          </FinancialYear>
          <InternalLossData type="item">
            <value>Abv30k_TotalAmountOfGrossLossesExcluded</value>
          </InternalLossData>
        </S4_1B_x005F_x002E_02_x0020_Repeat_x0020_Group>
        <S4_1B_x005F_x002E_02_x0020_Repeat_x0020_Group type="group">
          <Amount type="item">
            <value>8000.000000000</value>
          </Amount>
          <FinancialYear type="item">
            <value>T-4</value>
          </FinancialYear>
          <InternalLossData type="item">
            <value>Abv30k_TotalAmountOfGrossLossesExcluded</value>
          </InternalLossData>
        </S4_1B_x005F_x002E_02_x0020_Repeat_x0020_Group>
        <S4_1B_x005F_x002E_02_x0020_Repeat_x0020_Group type="group">
          <Amount type="item">
            <value>8000.000000000</value>
          </Amount>
          <FinancialYear type="item">
            <value>T-5</value>
          </FinancialYear>
          <InternalLossData type="item">
            <value>Abv30k_TotalAmountOfGrossLossesExcluded</value>
          </InternalLossData>
        </S4_1B_x005F_x002E_02_x0020_Repeat_x0020_Group>
        <S4_1B_x005F_x002E_02_x0020_Repeat_x0020_Group type="group">
          <Amount type="item">
            <value>8000.000000000</value>
          </Amount>
          <FinancialYear type="item">
            <value>T-6</value>
          </FinancialYear>
          <InternalLossData type="item">
            <value>Abv30k_TotalAmountOfGrossLossesExcluded</value>
          </InternalLossData>
        </S4_1B_x005F_x002E_02_x0020_Repeat_x0020_Group>
        <S4_1B_x005F_x002E_02_x0020_Repeat_x0020_Group type="group">
          <FinancialYear type="item">
            <value>T-7</value>
          </FinancialYear>
          <InternalLossData type="item">
            <value>Abv30k_TotalAmountOfGrossLossesExcluded</value>
          </InternalLossData>
        </S4_1B_x005F_x002E_02_x0020_Repeat_x0020_Group>
        <S4_1B_x005F_x002E_02_x0020_Repeat_x0020_Group type="group">
          <FinancialYear type="item">
            <value>T-8</value>
          </FinancialYear>
          <InternalLossData type="item">
            <value>Abv30k_TotalAmountOfGrossLossesExcluded</value>
          </InternalLossData>
        </S4_1B_x005F_x002E_02_x0020_Repeat_x0020_Group>
        <S4_1B_x005F_x002E_02_x0020_Repeat_x0020_Group type="group">
          <FinancialYear type="item">
            <value>T-9</value>
          </FinancialYear>
          <InternalLossData type="item">
            <value>Abv30k_TotalAmountOfGrossLossesExcluded</value>
          </InternalLossData>
        </S4_1B_x005F_x002E_02_x0020_Repeat_x0020_Group>
        <S4_1B_x005F_x002E_02_x0020_Repeat_x0020_Group type="group">
          <Amount type="item">
            <value>0.000000000</value>
          </Amount>
          <FinancialYear type="item">
            <value>T-0</value>
          </FinancialYear>
          <InternalLossData type="item">
            <value>Abv30k_TotalAmountOfRecoveriesExcluded</value>
          </InternalLossData>
        </S4_1B_x005F_x002E_02_x0020_Repeat_x0020_Group>
        <S4_1B_x005F_x002E_02_x0020_Repeat_x0020_Group type="group">
          <Amount type="item">
            <value>50.000000000</value>
          </Amount>
          <FinancialYear type="item">
            <value>T-1</value>
          </FinancialYear>
          <InternalLossData type="item">
            <value>Abv30k_TotalAmountOfRecoveriesExcluded</value>
          </InternalLossData>
        </S4_1B_x005F_x002E_02_x0020_Repeat_x0020_Group>
        <S4_1B_x005F_x002E_02_x0020_Repeat_x0020_Group type="group">
          <Amount type="item">
            <value>0.000000000</value>
          </Amount>
          <FinancialYear type="item">
            <value>T-2</value>
          </FinancialYear>
          <InternalLossData type="item">
            <value>Abv30k_TotalAmountOfRecoveriesExcluded</value>
          </InternalLossData>
        </S4_1B_x005F_x002E_02_x0020_Repeat_x0020_Group>
        <S4_1B_x005F_x002E_02_x0020_Repeat_x0020_Group type="group">
          <FinancialYear type="item">
            <value>T-3</value>
          </FinancialYear>
          <InternalLossData type="item">
            <value>Abv30k_TotalAmountOfRecoveriesExcluded</value>
          </InternalLossData>
        </S4_1B_x005F_x002E_02_x0020_Repeat_x0020_Group>
        <S4_1B_x005F_x002E_02_x0020_Repeat_x0020_Group type="group">
          <Amount type="item">
            <value>0.000000000</value>
          </Amount>
          <FinancialYear type="item">
            <value>T-4</value>
          </FinancialYear>
          <InternalLossData type="item">
            <value>Abv30k_TotalAmountOfRecoveriesExcluded</value>
          </InternalLossData>
        </S4_1B_x005F_x002E_02_x0020_Repeat_x0020_Group>
        <S4_1B_x005F_x002E_02_x0020_Repeat_x0020_Group type="group">
          <Amount type="item">
            <value>0.000000000</value>
          </Amount>
          <FinancialYear type="item">
            <value>T-5</value>
          </FinancialYear>
          <InternalLossData type="item">
            <value>Abv30k_TotalAmountOfRecoveriesExcluded</value>
          </InternalLossData>
        </S4_1B_x005F_x002E_02_x0020_Repeat_x0020_Group>
        <S4_1B_x005F_x002E_02_x0020_Repeat_x0020_Group type="group">
          <Amount type="item">
            <value>0.000000000</value>
          </Amount>
          <FinancialYear type="item">
            <value>T-6</value>
          </FinancialYear>
          <InternalLossData type="item">
            <value>Abv30k_TotalAmountOfRecoveriesExcluded</value>
          </InternalLossData>
        </S4_1B_x005F_x002E_02_x0020_Repeat_x0020_Group>
        <S4_1B_x005F_x002E_02_x0020_Repeat_x0020_Group type="group">
          <FinancialYear type="item">
            <value>T-7</value>
          </FinancialYear>
          <InternalLossData type="item">
            <value>Abv30k_TotalAmountOfRecoveriesExcluded</value>
          </InternalLossData>
        </S4_1B_x005F_x002E_02_x0020_Repeat_x0020_Group>
        <S4_1B_x005F_x002E_02_x0020_Repeat_x0020_Group type="group">
          <FinancialYear type="item">
            <value>T-8</value>
          </FinancialYear>
          <InternalLossData type="item">
            <value>Abv30k_TotalAmountOfRecoveriesExcluded</value>
          </InternalLossData>
        </S4_1B_x005F_x002E_02_x0020_Repeat_x0020_Group>
        <S4_1B_x005F_x002E_02_x0020_Repeat_x0020_Group type="group">
          <FinancialYear type="item">
            <value>T-9</value>
          </FinancialYear>
          <InternalLossData type="item">
            <value>Abv30k_TotalAmountOfRecoveriesExcluded</value>
          </InternalLossData>
        </S4_1B_x005F_x002E_02_x0020_Repeat_x0020_Group>
        <S4_1B_x005F_x002E_02_x0020_Repeat_x0020_Group type="group">
          <Amount type="item">
            <value>1.000000000</value>
          </Amount>
          <FinancialYear type="item">
            <value>T-0</value>
          </FinancialYear>
          <InternalLossData type="item">
            <value>Abv30k_NumberOfOperationalLossEventsExcluded_WhichContributedToTotalGrossLosses</value>
          </InternalLossData>
        </S4_1B_x005F_x002E_02_x0020_Repeat_x0020_Group>
        <S4_1B_x005F_x002E_02_x0020_Repeat_x0020_Group type="group">
          <Amount type="item">
            <value>1.000000000</value>
          </Amount>
          <FinancialYear type="item">
            <value>T-1</value>
          </FinancialYear>
          <InternalLossData type="item">
            <value>Abv30k_NumberOfOperationalLossEventsExcluded_WhichContributedToTotalGrossLosses</value>
          </InternalLossData>
        </S4_1B_x005F_x002E_02_x0020_Repeat_x0020_Group>
        <S4_1B_x005F_x002E_02_x0020_Repeat_x0020_Group type="group">
          <Amount type="item">
            <value>1.000000000</value>
          </Amount>
          <FinancialYear type="item">
            <value>T-2</value>
          </FinancialYear>
          <InternalLossData type="item">
            <value>Abv30k_NumberOfOperationalLossEventsExcluded_WhichContributedToTotalGrossLosses</value>
          </InternalLossData>
        </S4_1B_x005F_x002E_02_x0020_Repeat_x0020_Group>
        <S4_1B_x005F_x002E_02_x0020_Repeat_x0020_Group type="group">
          <FinancialYear type="item">
            <value>T-3</value>
          </FinancialYear>
          <InternalLossData type="item">
            <value>Abv30k_NumberOfOperationalLossEventsExcluded_WhichContributedToTotalGrossLosses</value>
          </InternalLossData>
        </S4_1B_x005F_x002E_02_x0020_Repeat_x0020_Group>
        <S4_1B_x005F_x002E_02_x0020_Repeat_x0020_Group type="group">
          <Amount type="item">
            <value>1.000000000</value>
          </Amount>
          <FinancialYear type="item">
            <value>T-4</value>
          </FinancialYear>
          <InternalLossData type="item">
            <value>Abv30k_NumberOfOperationalLossEventsExcluded_WhichContributedToTotalGrossLosses</value>
          </InternalLossData>
        </S4_1B_x005F_x002E_02_x0020_Repeat_x0020_Group>
        <S4_1B_x005F_x002E_02_x0020_Repeat_x0020_Group type="group">
          <Amount type="item">
            <value>1.000000000</value>
          </Amount>
          <FinancialYear type="item">
            <value>T-5</value>
          </FinancialYear>
          <InternalLossData type="item">
            <value>Abv30k_NumberOfOperationalLossEventsExcluded_WhichContributedToTotalGrossLosses</value>
          </InternalLossData>
        </S4_1B_x005F_x002E_02_x0020_Repeat_x0020_Group>
        <S4_1B_x005F_x002E_02_x0020_Repeat_x0020_Group type="group">
          <Amount type="item">
            <value>1.000000000</value>
          </Amount>
          <FinancialYear type="item">
            <value>T-6</value>
          </FinancialYear>
          <InternalLossData type="item">
            <value>Abv30k_NumberOfOperationalLossEventsExcluded_WhichContributedToTotalGrossLosses</value>
          </InternalLossData>
        </S4_1B_x005F_x002E_02_x0020_Repeat_x0020_Group>
        <S4_1B_x005F_x002E_02_x0020_Repeat_x0020_Group type="group">
          <FinancialYear type="item">
            <value>T-7</value>
          </FinancialYear>
          <InternalLossData type="item">
            <value>Abv30k_NumberOfOperationalLossEventsExcluded_WhichContributedToTotalGrossLosses</value>
          </InternalLossData>
        </S4_1B_x005F_x002E_02_x0020_Repeat_x0020_Group>
        <S4_1B_x005F_x002E_02_x0020_Repeat_x0020_Group type="group">
          <FinancialYear type="item">
            <value>T-8</value>
          </FinancialYear>
          <InternalLossData type="item">
            <value>Abv30k_NumberOfOperationalLossEventsExcluded_WhichContributedToTotalGrossLosses</value>
          </InternalLossData>
        </S4_1B_x005F_x002E_02_x0020_Repeat_x0020_Group>
        <S4_1B_x005F_x002E_02_x0020_Repeat_x0020_Group type="group">
          <FinancialYear type="item">
            <value>T-9</value>
          </FinancialYear>
          <InternalLossData type="item">
            <value>Abv30k_NumberOfOperationalLossEventsExcluded_WhichContributedToTotalGrossLosses</value>
          </InternalLossData>
        </S4_1B_x005F_x002E_02_x0020_Repeat_x0020_Group>
        <S4_1B_x005F_x002E_02_x0020_Repeat_x0020_Group type="group">
          <Amount type="item">
            <value>6.000000000</value>
          </Amount>
          <FinancialYear type="item">
            <value>T-0</value>
          </FinancialYear>
          <InternalLossData type="item">
            <value>Abv30k_NumberOfOperationalLossEventsExcludedInTheTen_YearWindow</value>
          </InternalLossData>
        </S4_1B_x005F_x002E_02_x0020_Repeat_x0020_Group>
        <S4_1B_x005F_x002E_02_x0020_Repeat_x0020_Group type="group">
          <Amount type="item">
            <value>150000.000000000</value>
          </Amount>
          <FinancialYear type="item">
            <value>T-0</value>
          </FinancialYear>
          <InternalLossData type="item">
            <value>Abv150k_TotalAmountOfGrossLosses</value>
          </InternalLossData>
        </S4_1B_x005F_x002E_02_x0020_Repeat_x0020_Group>
        <S4_1B_x005F_x002E_02_x0020_Repeat_x0020_Group type="group">
          <Amount type="item">
            <value>180000.000000000</value>
          </Amount>
          <FinancialYear type="item">
            <value>T-1</value>
          </FinancialYear>
          <InternalLossData type="item">
            <value>Abv150k_TotalAmountOfGrossLosses</value>
          </InternalLossData>
        </S4_1B_x005F_x002E_02_x0020_Repeat_x0020_Group>
        <S4_1B_x005F_x002E_02_x0020_Repeat_x0020_Group type="group">
          <Amount type="item">
            <value>170000.000000000</value>
          </Amount>
          <FinancialYear type="item">
            <value>T-2</value>
          </FinancialYear>
          <InternalLossData type="item">
            <value>Abv150k_TotalAmountOfGrossLosses</value>
          </InternalLossData>
        </S4_1B_x005F_x002E_02_x0020_Repeat_x0020_Group>
        <S4_1B_x005F_x002E_02_x0020_Repeat_x0020_Group type="group">
          <FinancialYear type="item">
            <value>T-3</value>
          </FinancialYear>
          <InternalLossData type="item">
            <value>Abv150k_TotalAmountOfGrossLosses</value>
          </InternalLossData>
        </S4_1B_x005F_x002E_02_x0020_Repeat_x0020_Group>
        <S4_1B_x005F_x002E_02_x0020_Repeat_x0020_Group type="group">
          <Amount type="item">
            <value>180000.000000000</value>
          </Amount>
          <FinancialYear type="item">
            <value>T-4</value>
          </FinancialYear>
          <InternalLossData type="item">
            <value>Abv150k_TotalAmountOfGrossLosses</value>
          </InternalLossData>
        </S4_1B_x005F_x002E_02_x0020_Repeat_x0020_Group>
        <S4_1B_x005F_x002E_02_x0020_Repeat_x0020_Group type="group">
          <Amount type="item">
            <value>180000.000000000</value>
          </Amount>
          <FinancialYear type="item">
            <value>T-5</value>
          </FinancialYear>
          <InternalLossData type="item">
            <value>Abv150k_TotalAmountOfGrossLosses</value>
          </InternalLossData>
        </S4_1B_x005F_x002E_02_x0020_Repeat_x0020_Group>
        <S4_1B_x005F_x002E_02_x0020_Repeat_x0020_Group type="group">
          <Amount type="item">
            <value>180000.000000000</value>
          </Amount>
          <FinancialYear type="item">
            <value>T-6</value>
          </FinancialYear>
          <InternalLossData type="item">
            <value>Abv150k_TotalAmountOfGrossLosses</value>
          </InternalLossData>
        </S4_1B_x005F_x002E_02_x0020_Repeat_x0020_Group>
        <S4_1B_x005F_x002E_02_x0020_Repeat_x0020_Group type="group">
          <FinancialYear type="item">
            <value>T-7</value>
          </FinancialYear>
          <InternalLossData type="item">
            <value>Abv150k_TotalAmountOfGrossLosses</value>
          </InternalLossData>
        </S4_1B_x005F_x002E_02_x0020_Repeat_x0020_Group>
        <S4_1B_x005F_x002E_02_x0020_Repeat_x0020_Group type="group">
          <FinancialYear type="item">
            <value>T-8</value>
          </FinancialYear>
          <InternalLossData type="item">
            <value>Abv150k_TotalAmountOfGrossLosses</value>
          </InternalLossData>
        </S4_1B_x005F_x002E_02_x0020_Repeat_x0020_Group>
        <S4_1B_x005F_x002E_02_x0020_Repeat_x0020_Group type="group">
          <FinancialYear type="item">
            <value>T-9</value>
          </FinancialYear>
          <InternalLossData type="item">
            <value>Abv150k_TotalAmountOfGrossLosses</value>
          </InternalLossData>
        </S4_1B_x005F_x002E_02_x0020_Repeat_x0020_Group>
        <S4_1B_x005F_x002E_02_x0020_Repeat_x0020_Group type="group">
          <Amount type="item">
            <value>0.000000000</value>
          </Amount>
          <FinancialYear type="item">
            <value>T-0</value>
          </FinancialYear>
          <InternalLossData type="item">
            <value>Abv150k_TotalAmountOfRecoveries</value>
          </InternalLossData>
        </S4_1B_x005F_x002E_02_x0020_Repeat_x0020_Group>
        <S4_1B_x005F_x002E_02_x0020_Repeat_x0020_Group type="group">
          <Amount type="item">
            <value>0.000000000</value>
          </Amount>
          <FinancialYear type="item">
            <value>T-1</value>
          </FinancialYear>
          <InternalLossData type="item">
            <value>Abv150k_TotalAmountOfRecoveries</value>
          </InternalLossData>
        </S4_1B_x005F_x002E_02_x0020_Repeat_x0020_Group>
        <S4_1B_x005F_x002E_02_x0020_Repeat_x0020_Group type="group">
          <Amount type="item">
            <value>10000.000000000</value>
          </Amount>
          <FinancialYear type="item">
            <value>T-2</value>
          </FinancialYear>
          <InternalLossData type="item">
            <value>Abv150k_TotalAmountOfRecoveries</value>
          </InternalLossData>
        </S4_1B_x005F_x002E_02_x0020_Repeat_x0020_Group>
        <S4_1B_x005F_x002E_02_x0020_Repeat_x0020_Group type="group">
          <FinancialYear type="item">
            <value>T-3</value>
          </FinancialYear>
          <InternalLossData type="item">
            <value>Abv150k_TotalAmountOfRecoveries</value>
          </InternalLossData>
        </S4_1B_x005F_x002E_02_x0020_Repeat_x0020_Group>
        <S4_1B_x005F_x002E_02_x0020_Repeat_x0020_Group type="group">
          <Amount type="item">
            <value>0.000000000</value>
          </Amount>
          <FinancialYear type="item">
            <value>T-4</value>
          </FinancialYear>
          <InternalLossData type="item">
            <value>Abv150k_TotalAmountOfRecoveries</value>
          </InternalLossData>
        </S4_1B_x005F_x002E_02_x0020_Repeat_x0020_Group>
        <S4_1B_x005F_x002E_02_x0020_Repeat_x0020_Group type="group">
          <Amount type="item">
            <value>20000.000000000</value>
          </Amount>
          <FinancialYear type="item">
            <value>T-5</value>
          </FinancialYear>
          <InternalLossData type="item">
            <value>Abv150k_TotalAmountOfRecoveries</value>
          </InternalLossData>
        </S4_1B_x005F_x002E_02_x0020_Repeat_x0020_Group>
        <S4_1B_x005F_x002E_02_x0020_Repeat_x0020_Group type="group">
          <Amount type="item">
            <value>20000.000000000</value>
          </Amount>
          <FinancialYear type="item">
            <value>T-6</value>
          </FinancialYear>
          <InternalLossData type="item">
            <value>Abv150k_TotalAmountOfRecoveries</value>
          </InternalLossData>
        </S4_1B_x005F_x002E_02_x0020_Repeat_x0020_Group>
        <S4_1B_x005F_x002E_02_x0020_Repeat_x0020_Group type="group">
          <FinancialYear type="item">
            <value>T-7</value>
          </FinancialYear>
          <InternalLossData type="item">
            <value>Abv150k_TotalAmountOfRecoveries</value>
          </InternalLossData>
        </S4_1B_x005F_x002E_02_x0020_Repeat_x0020_Group>
        <S4_1B_x005F_x002E_02_x0020_Repeat_x0020_Group type="group">
          <FinancialYear type="item">
            <value>T-8</value>
          </FinancialYear>
          <InternalLossData type="item">
            <value>Abv150k_TotalAmountOfRecoveries</value>
          </InternalLossData>
        </S4_1B_x005F_x002E_02_x0020_Repeat_x0020_Group>
        <S4_1B_x005F_x002E_02_x0020_Repeat_x0020_Group type="group">
          <FinancialYear type="item">
            <value>T-9</value>
          </FinancialYear>
          <InternalLossData type="item">
            <value>Abv150k_TotalAmountOfRecoveries</value>
          </InternalLossData>
        </S4_1B_x005F_x002E_02_x0020_Repeat_x0020_Group>
        <S4_1B_x005F_x002E_02_x0020_Repeat_x0020_Group type="group">
          <Amount type="item">
            <value>1.000000000</value>
          </Amount>
          <FinancialYear type="item">
            <value>T-0</value>
          </FinancialYear>
          <InternalLossData type="item">
            <value>Abv150k_NumberOfOperationalLossEventsContributingToTotalGrossLosses</value>
          </InternalLossData>
        </S4_1B_x005F_x002E_02_x0020_Repeat_x0020_Group>
        <S4_1B_x005F_x002E_02_x0020_Repeat_x0020_Group type="group">
          <Amount type="item">
            <value>1.000000000</value>
          </Amount>
          <FinancialYear type="item">
            <value>T-1</value>
          </FinancialYear>
          <InternalLossData type="item">
            <value>Abv150k_NumberOfOperationalLossEventsContributingToTotalGrossLosses</value>
          </InternalLossData>
        </S4_1B_x005F_x002E_02_x0020_Repeat_x0020_Group>
        <S4_1B_x005F_x002E_02_x0020_Repeat_x0020_Group type="group">
          <Amount type="item">
            <value>1.000000000</value>
          </Amount>
          <FinancialYear type="item">
            <value>T-2</value>
          </FinancialYear>
          <InternalLossData type="item">
            <value>Abv150k_NumberOfOperationalLossEventsContributingToTotalGrossLosses</value>
          </InternalLossData>
        </S4_1B_x005F_x002E_02_x0020_Repeat_x0020_Group>
        <S4_1B_x005F_x002E_02_x0020_Repeat_x0020_Group type="group">
          <FinancialYear type="item">
            <value>T-3</value>
          </FinancialYear>
          <InternalLossData type="item">
            <value>Abv150k_NumberOfOperationalLossEventsContributingToTotalGrossLosses</value>
          </InternalLossData>
        </S4_1B_x005F_x002E_02_x0020_Repeat_x0020_Group>
        <S4_1B_x005F_x002E_02_x0020_Repeat_x0020_Group type="group">
          <Amount type="item">
            <value>1.000000000</value>
          </Amount>
          <FinancialYear type="item">
            <value>T-4</value>
          </FinancialYear>
          <InternalLossData type="item">
            <value>Abv150k_NumberOfOperationalLossEventsContributingToTotalGrossLosses</value>
          </InternalLossData>
        </S4_1B_x005F_x002E_02_x0020_Repeat_x0020_Group>
        <S4_1B_x005F_x002E_02_x0020_Repeat_x0020_Group type="group">
          <Amount type="item">
            <value>1.000000000</value>
          </Amount>
          <FinancialYear type="item">
            <value>T-5</value>
          </FinancialYear>
          <InternalLossData type="item">
            <value>Abv150k_NumberOfOperationalLossEventsContributingToTotalGrossLosses</value>
          </InternalLossData>
        </S4_1B_x005F_x002E_02_x0020_Repeat_x0020_Group>
        <S4_1B_x005F_x002E_02_x0020_Repeat_x0020_Group type="group">
          <Amount type="item">
            <value>1.000000000</value>
          </Amount>
          <FinancialYear type="item">
            <value>T-6</value>
          </FinancialYear>
          <InternalLossData type="item">
            <value>Abv150k_NumberOfOperationalLossEventsContributingToTotalGrossLosses</value>
          </InternalLossData>
        </S4_1B_x005F_x002E_02_x0020_Repeat_x0020_Group>
        <S4_1B_x005F_x002E_02_x0020_Repeat_x0020_Group type="group">
          <FinancialYear type="item">
            <value>T-7</value>
          </FinancialYear>
          <InternalLossData type="item">
            <value>Abv150k_NumberOfOperationalLossEventsContributingToTotalGrossLosses</value>
          </InternalLossData>
        </S4_1B_x005F_x002E_02_x0020_Repeat_x0020_Group>
        <S4_1B_x005F_x002E_02_x0020_Repeat_x0020_Group type="group">
          <FinancialYear type="item">
            <value>T-8</value>
          </FinancialYear>
          <InternalLossData type="item">
            <value>Abv150k_NumberOfOperationalLossEventsContributingToTotalGrossLosses</value>
          </InternalLossData>
        </S4_1B_x005F_x002E_02_x0020_Repeat_x0020_Group>
        <S4_1B_x005F_x002E_02_x0020_Repeat_x0020_Group type="group">
          <FinancialYear type="item">
            <value>T-9</value>
          </FinancialYear>
          <InternalLossData type="item">
            <value>Abv150k_NumberOfOperationalLossEventsContributingToTotalGrossLosses</value>
          </InternalLossData>
        </S4_1B_x005F_x002E_02_x0020_Repeat_x0020_Group>
        <S4_1B_x005F_x002E_02_x0020_Repeat_x0020_Group type="group">
          <Amount type="item">
            <value>6.000000000</value>
          </Amount>
          <FinancialYear type="item">
            <value>T-0</value>
          </FinancialYear>
          <InternalLossData type="item">
            <value>Abv150k_NumberOfOperationalLossEventsInTheTen_YearWindow</value>
          </InternalLossData>
        </S4_1B_x005F_x002E_02_x0020_Repeat_x0020_Group>
        <S4_1B_x005F_x002E_02_x0020_Repeat_x0020_Group type="group">
          <Amount type="item">
            <value>24000.000000000</value>
          </Amount>
          <FinancialYear type="item">
            <value>T-0</value>
          </FinancialYear>
          <InternalLossData type="item">
            <value>Abv150k_TotalAmountOfGrossLossesExcluded</value>
          </InternalLossData>
        </S4_1B_x005F_x002E_02_x0020_Repeat_x0020_Group>
        <S4_1B_x005F_x002E_02_x0020_Repeat_x0020_Group type="group">
          <Amount type="item">
            <value>0.000000000</value>
          </Amount>
          <FinancialYear type="item">
            <value>T-1</value>
          </FinancialYear>
          <InternalLossData type="item">
            <value>Abv150k_TotalAmountOfGrossLossesExcluded</value>
          </InternalLossData>
        </S4_1B_x005F_x002E_02_x0020_Repeat_x0020_Group>
        <S4_1B_x005F_x002E_02_x0020_Repeat_x0020_Group type="group">
          <Amount type="item">
            <value>120000.000000000</value>
          </Amount>
          <FinancialYear type="item">
            <value>T-2</value>
          </FinancialYear>
          <InternalLossData type="item">
            <value>Abv150k_TotalAmountOfGrossLossesExcluded</value>
          </InternalLossData>
        </S4_1B_x005F_x002E_02_x0020_Repeat_x0020_Group>
        <S4_1B_x005F_x002E_02_x0020_Repeat_x0020_Group type="group">
          <FinancialYear type="item">
            <value>T-3</value>
          </FinancialYear>
          <InternalLossData type="item">
            <value>Abv150k_TotalAmountOfGrossLossesExcluded</value>
          </InternalLossData>
        </S4_1B_x005F_x002E_02_x0020_Repeat_x0020_Group>
        <S4_1B_x005F_x002E_02_x0020_Repeat_x0020_Group type="group">
          <Amount type="item">
            <value>0.000000000</value>
          </Amount>
          <FinancialYear type="item">
            <value>T-4</value>
          </FinancialYear>
          <InternalLossData type="item">
            <value>Abv150k_TotalAmountOfGrossLossesExcluded</value>
          </InternalLossData>
        </S4_1B_x005F_x002E_02_x0020_Repeat_x0020_Group>
        <S4_1B_x005F_x002E_02_x0020_Repeat_x0020_Group type="group">
          <Amount type="item">
            <value>0.000000000</value>
          </Amount>
          <FinancialYear type="item">
            <value>T-5</value>
          </FinancialYear>
          <InternalLossData type="item">
            <value>Abv150k_TotalAmountOfGrossLossesExcluded</value>
          </InternalLossData>
        </S4_1B_x005F_x002E_02_x0020_Repeat_x0020_Group>
        <S4_1B_x005F_x002E_02_x0020_Repeat_x0020_Group type="group">
          <Amount type="item">
            <value>0.000000000</value>
          </Amount>
          <FinancialYear type="item">
            <value>T-6</value>
          </FinancialYear>
          <InternalLossData type="item">
            <value>Abv150k_TotalAmountOfGrossLossesExcluded</value>
          </InternalLossData>
        </S4_1B_x005F_x002E_02_x0020_Repeat_x0020_Group>
        <S4_1B_x005F_x002E_02_x0020_Repeat_x0020_Group type="group">
          <FinancialYear type="item">
            <value>T-7</value>
          </FinancialYear>
          <InternalLossData type="item">
            <value>Abv150k_TotalAmountOfGrossLossesExcluded</value>
          </InternalLossData>
        </S4_1B_x005F_x002E_02_x0020_Repeat_x0020_Group>
        <S4_1B_x005F_x002E_02_x0020_Repeat_x0020_Group type="group">
          <FinancialYear type="item">
            <value>T-8</value>
          </FinancialYear>
          <InternalLossData type="item">
            <value>Abv150k_TotalAmountOfGrossLossesExcluded</value>
          </InternalLossData>
        </S4_1B_x005F_x002E_02_x0020_Repeat_x0020_Group>
        <S4_1B_x005F_x002E_02_x0020_Repeat_x0020_Group type="group">
          <FinancialYear type="item">
            <value>T-9</value>
          </FinancialYear>
          <InternalLossData type="item">
            <value>Abv150k_TotalAmountOfGrossLossesExcluded</value>
          </InternalLossData>
        </S4_1B_x005F_x002E_02_x0020_Repeat_x0020_Group>
        <S4_1B_x005F_x002E_02_x0020_Repeat_x0020_Group type="group">
          <Amount type="item">
            <value>0.000000000</value>
          </Amount>
          <FinancialYear type="item">
            <value>T-0</value>
          </FinancialYear>
          <InternalLossData type="item">
            <value>Abv150k_TotalAmountOfRecoveriesExcluded</value>
          </InternalLossData>
        </S4_1B_x005F_x002E_02_x0020_Repeat_x0020_Group>
        <S4_1B_x005F_x002E_02_x0020_Repeat_x0020_Group type="group">
          <Amount type="item">
            <value>0.000000000</value>
          </Amount>
          <FinancialYear type="item">
            <value>T-1</value>
          </FinancialYear>
          <InternalLossData type="item">
            <value>Abv150k_TotalAmountOfRecoveriesExcluded</value>
          </InternalLossData>
        </S4_1B_x005F_x002E_02_x0020_Repeat_x0020_Group>
        <S4_1B_x005F_x002E_02_x0020_Repeat_x0020_Group type="group">
          <Amount type="item">
            <value>10000.000000000</value>
          </Amount>
          <FinancialYear type="item">
            <value>T-2</value>
          </FinancialYear>
          <InternalLossData type="item">
            <value>Abv150k_TotalAmountOfRecoveriesExcluded</value>
          </InternalLossData>
        </S4_1B_x005F_x002E_02_x0020_Repeat_x0020_Group>
        <S4_1B_x005F_x002E_02_x0020_Repeat_x0020_Group type="group">
          <FinancialYear type="item">
            <value>T-3</value>
          </FinancialYear>
          <InternalLossData type="item">
            <value>Abv150k_TotalAmountOfRecoveriesExcluded</value>
          </InternalLossData>
        </S4_1B_x005F_x002E_02_x0020_Repeat_x0020_Group>
        <S4_1B_x005F_x002E_02_x0020_Repeat_x0020_Group type="group">
          <Amount type="item">
            <value>0.000000000</value>
          </Amount>
          <FinancialYear type="item">
            <value>T-4</value>
          </FinancialYear>
          <InternalLossData type="item">
            <value>Abv150k_TotalAmountOfRecoveriesExcluded</value>
          </InternalLossData>
        </S4_1B_x005F_x002E_02_x0020_Repeat_x0020_Group>
        <S4_1B_x005F_x002E_02_x0020_Repeat_x0020_Group type="group">
          <Amount type="item">
            <value>0.000000000</value>
          </Amount>
          <FinancialYear type="item">
            <value>T-5</value>
          </FinancialYear>
          <InternalLossData type="item">
            <value>Abv150k_TotalAmountOfRecoveriesExcluded</value>
          </InternalLossData>
        </S4_1B_x005F_x002E_02_x0020_Repeat_x0020_Group>
        <S4_1B_x005F_x002E_02_x0020_Repeat_x0020_Group type="group">
          <Amount type="item">
            <value>0.000000000</value>
          </Amount>
          <FinancialYear type="item">
            <value>T-6</value>
          </FinancialYear>
          <InternalLossData type="item">
            <value>Abv150k_TotalAmountOfRecoveriesExcluded</value>
          </InternalLossData>
        </S4_1B_x005F_x002E_02_x0020_Repeat_x0020_Group>
        <S4_1B_x005F_x002E_02_x0020_Repeat_x0020_Group type="group">
          <FinancialYear type="item">
            <value>T-7</value>
          </FinancialYear>
          <InternalLossData type="item">
            <value>Abv150k_TotalAmountOfRecoveriesExcluded</value>
          </InternalLossData>
        </S4_1B_x005F_x002E_02_x0020_Repeat_x0020_Group>
        <S4_1B_x005F_x002E_02_x0020_Repeat_x0020_Group type="group">
          <FinancialYear type="item">
            <value>T-8</value>
          </FinancialYear>
          <InternalLossData type="item">
            <value>Abv150k_TotalAmountOfRecoveriesExcluded</value>
          </InternalLossData>
        </S4_1B_x005F_x002E_02_x0020_Repeat_x0020_Group>
        <S4_1B_x005F_x002E_02_x0020_Repeat_x0020_Group type="group">
          <FinancialYear type="item">
            <value>T-9</value>
          </FinancialYear>
          <InternalLossData type="item">
            <value>Abv150k_TotalAmountOfRecoveriesExcluded</value>
          </InternalLossData>
        </S4_1B_x005F_x002E_02_x0020_Repeat_x0020_Group>
        <S4_1B_x005F_x002E_02_x0020_Repeat_x0020_Group type="group">
          <Amount type="item">
            <value>1.000000000</value>
          </Amount>
          <FinancialYear type="item">
            <value>T-0</value>
          </FinancialYear>
          <InternalLossData type="item">
            <value>Abv150k_NumberOfOperationalLossEventsExcluded_WhichContributedToTotalGrossLosses</value>
          </InternalLossData>
        </S4_1B_x005F_x002E_02_x0020_Repeat_x0020_Group>
        <S4_1B_x005F_x002E_02_x0020_Repeat_x0020_Group type="group">
          <Amount type="item">
            <value>0.000000000</value>
          </Amount>
          <FinancialYear type="item">
            <value>T-1</value>
          </FinancialYear>
          <InternalLossData type="item">
            <value>Abv150k_NumberOfOperationalLossEventsExcluded_WhichContributedToTotalGrossLosses</value>
          </InternalLossData>
        </S4_1B_x005F_x002E_02_x0020_Repeat_x0020_Group>
        <S4_1B_x005F_x002E_02_x0020_Repeat_x0020_Group type="group">
          <Amount type="item">
            <value>1.000000000</value>
          </Amount>
          <FinancialYear type="item">
            <value>T-2</value>
          </FinancialYear>
          <InternalLossData type="item">
            <value>Abv150k_NumberOfOperationalLossEventsExcluded_WhichContributedToTotalGrossLosses</value>
          </InternalLossData>
        </S4_1B_x005F_x002E_02_x0020_Repeat_x0020_Group>
        <S4_1B_x005F_x002E_02_x0020_Repeat_x0020_Group type="group">
          <FinancialYear type="item">
            <value>T-3</value>
          </FinancialYear>
          <InternalLossData type="item">
            <value>Abv150k_NumberOfOperationalLossEventsExcluded_WhichContributedToTotalGrossLosses</value>
          </InternalLossData>
        </S4_1B_x005F_x002E_02_x0020_Repeat_x0020_Group>
        <S4_1B_x005F_x002E_02_x0020_Repeat_x0020_Group type="group">
          <Amount type="item">
            <value>0.000000000</value>
          </Amount>
          <FinancialYear type="item">
            <value>T-4</value>
          </FinancialYear>
          <InternalLossData type="item">
            <value>Abv150k_NumberOfOperationalLossEventsExcluded_WhichContributedToTotalGrossLosses</value>
          </InternalLossData>
        </S4_1B_x005F_x002E_02_x0020_Repeat_x0020_Group>
        <S4_1B_x005F_x002E_02_x0020_Repeat_x0020_Group type="group">
          <Amount type="item">
            <value>0.000000000</value>
          </Amount>
          <FinancialYear type="item">
            <value>T-5</value>
          </FinancialYear>
          <InternalLossData type="item">
            <value>Abv150k_NumberOfOperationalLossEventsExcluded_WhichContributedToTotalGrossLosses</value>
          </InternalLossData>
        </S4_1B_x005F_x002E_02_x0020_Repeat_x0020_Group>
        <S4_1B_x005F_x002E_02_x0020_Repeat_x0020_Group type="group">
          <Amount type="item">
            <value>0.000000000</value>
          </Amount>
          <FinancialYear type="item">
            <value>T-6</value>
          </FinancialYear>
          <InternalLossData type="item">
            <value>Abv150k_NumberOfOperationalLossEventsExcluded_WhichContributedToTotalGrossLosses</value>
          </InternalLossData>
        </S4_1B_x005F_x002E_02_x0020_Repeat_x0020_Group>
        <S4_1B_x005F_x002E_02_x0020_Repeat_x0020_Group type="group">
          <FinancialYear type="item">
            <value>T-7</value>
          </FinancialYear>
          <InternalLossData type="item">
            <value>Abv150k_NumberOfOperationalLossEventsExcluded_WhichContributedToTotalGrossLosses</value>
          </InternalLossData>
        </S4_1B_x005F_x002E_02_x0020_Repeat_x0020_Group>
        <S4_1B_x005F_x002E_02_x0020_Repeat_x0020_Group type="group">
          <FinancialYear type="item">
            <value>T-8</value>
          </FinancialYear>
          <InternalLossData type="item">
            <value>Abv150k_NumberOfOperationalLossEventsExcluded_WhichContributedToTotalGrossLosses</value>
          </InternalLossData>
        </S4_1B_x005F_x002E_02_x0020_Repeat_x0020_Group>
        <S4_1B_x005F_x002E_02_x0020_Repeat_x0020_Group type="group">
          <FinancialYear type="item">
            <value>T-9</value>
          </FinancialYear>
          <InternalLossData type="item">
            <value>Abv150k_NumberOfOperationalLossEventsExcluded_WhichContributedToTotalGrossLosses</value>
          </InternalLossData>
        </S4_1B_x005F_x002E_02_x0020_Repeat_x0020_Group>
        <S4_1B_x005F_x002E_02_x0020_Repeat_x0020_Group type="group">
          <Amount type="item">
            <value>2.000000000</value>
          </Amount>
          <FinancialYear type="item">
            <value>T-0</value>
          </FinancialYear>
          <InternalLossData type="item">
            <value>Abv150k_NumberOfOperationalLossEventsExcludedInTheTen_YearWindow</value>
          </InternalLossData>
        </S4_1B_x005F_x002E_02_x0020_Repeat_x0020_Group>
      </S4_1B_x005F_x002E_02>
    </S4_1B>
    <FirmID type="item">
      <value>1</value>
    </FirmID>
    <FirmName type="item">
      <value>test</value>
    </FirmName>
    <FirmRef type="item">
      <value>test123</value>
    </FirmRef>
    <Periodicity type="item">
      <value>quarterly</value>
    </Periodicity>
    <ReportingEndDate type="item">
      <value>2022-09-02</value>
    </ReportingEndDate>
    <TransitionPeriod type="item">
      <value></value>
    </TransitionPeriod>
    <ScopeOfReporting type="item">
      <value>solo</value>
    </ScopeOfReporting>
  </MAS637S4>
</MAS637S4>