<?xml version="1.0" encoding="UTF-8"?>
<Cash type="schema" guid="3abd411a-f563-4252-bc3d-953d320f6c68" versionNumber="1">
  <Cash type="group">
 
    <B1_1 type="group">
      <Cash_B1_1 type="list">
        <Cash_B1_1_x0020_Repeat_x0020_Group type="group">
          <B1_1_Amount type="item">
            <value>21</value>
          </B1_1_Amount>
          <Bk_OtherCurrencies type="item">
            <value>SGD</value>
          </Bk_OtherCurrencies>
        </Cash_B1_1_x0020_Repeat_x0020_Group>
        <Cash_B1_1_x0020_Repeat_x0020_Group type="group">
          <B1_1_Amount type="item">
            <value>23</value>
          </B1_1_Amount>
          <Bk_OtherCurrencies type="item">
            <value>BND</value>
          </Bk_OtherCurrencies>
        </Cash_B1_1_x0020_Repeat_x0020_Group>
        <Cash_B1_1_x0020_Repeat_x0020_Group type="group">
          <B1_1_Amount type="item">
            <value>192</value>
          </B1_1_Amount>
          <Bk_OtherCurrencies type="item">
            <value>AllCurrencies</value>
          </Bk_OtherCurrencies>
        </Cash_B1_1_x0020_Repeat_x0020_Group>
      </Cash_B1_1>
    </B1_1>
  </Cash>
</Cash>